"","species","depth_effect","covariate","low","low_se","hi","hi_se","range","range_se"
"1","greenstriped rockfish",TRUE,"o2",-1.15575897670676,0.0183856610477905,0.00327214459864093,0.0169001734530458,1.1590311213054,0.0225950654511253
"2","pacific spiny dogfish",TRUE,"o2",-2.22217260221776,0.174327407530987,1.09406892062747,0.131856767676039,3.31624152284523,0.252731125449922
"3","petrale sole",TRUE,"o2",-1.8454824120371,0.045183135682186,0.297481729528095,0.0281435757177415,2.1429641415652,0.0529016380442884
"4","flathead sole",TRUE,"o2",-1.06559641857269,0.038800481652423,0.133518153249727,0.0356292556234357,1.19911457182242,0.0513848980230891
"5","english sole",TRUE,"o2",-2.07668764104748,0.060818938767247,0.166190452077013,0.0304574098940792,2.24287809312449,0.0681041180875931
"6","sablefish",TRUE,"o2",-0.931673080693553,0.0563959823886329,2.73771658032741,0.115180752369851,3.66938966102097,0.121953578980894
"7","slender sole",TRUE,"o2",-1.11961795762253,0.0211670132619297,0.571016777553936,0.0208100600284626,1.69063473517646,0.0261810209755511
"8","dover sole",TRUE,"o2",-1.01409337263117,0.0277318793204723,1.81162058613097,0.0408781654699809,2.82571395876214,0.0449298652677859
"9","blackbelly eelpout",TRUE,"o2",-1.64509628346893,0.072118963099806,0.556688555665466,0.0686770909059766,2.20178483913439,0.0922750302480735
"10","dungeness crab",TRUE,"o2",-4.00126496303362,0.449838351042235,0.0312054398550528,0.14220721568284,4.03247040288867,0.346831543982495
"11","spotted ratfish",TRUE,"o2",-1.85488445968015,0.0568178283243667,0.800716116146668,0.0517142799283313,2.65560057582682,0.0817489050684642
"12","big skate",TRUE,"o2",-2.76708419041893,0.213776529257374,0.0932514809842352,0.0777045006332586,2.86033567140316,0.221692910074457
"13","pacific sanddab",TRUE,"o2",-2.03013426303074,0.0478492644785169,-0.230371482867521,0.0217812420204218,1.79976278016322,0.0480045293376764
"14","rex sole",TRUE,"o2",-1.17220042102632,0.0310930014814426,1.34048441413249,0.0521714745628579,2.51268483515882,0.0603508761200115
"15","arrowtooth flounder",TRUE,"o2",-0.922246889678476,0.0253715243279092,0.964426955960473,0.037783898252836,1.88667384563895,0.0436873304438063
"16","longnose skate",TRUE,"o2",-1.37355103221853,0.0378870605504528,1.31215144425626,0.0461736904680891,2.68570247647479,0.0555369643770227
"17","sandpaper skate",TRUE,"o2",-1.01070384211027,0.0332143006733977,1.33245384351552,0.0617176061908371,2.34315768562579,0.0668327245244212
"18","lingcod",TRUE,"o2",-1.72737058106028,0.0485654679569803,0.337376615772064,0.0378320217656903,2.06474719683235,0.06332019475002
"19","greenspotted rockfish",TRUE,"o2",-1.3256544106253,0.0616472650311704,-0.0718059504261671,0.0521474858122992,1.25384846019913,0.0771989202202815
"20","canary rockfish",TRUE,"o2",-1.51446672371805,0.0675062321024381,-0.13813566881944,0.0452727410849969,1.37633105489861,0.0709788140105472
"21","widow rockfish",TRUE,"o2",-1.1065223553982,0.0782019634910233,0.684661148433225,0.152533677597116,1.79118350383143,0.166813840085193
"22","yellowtail rockfish",TRUE,"o2",-1.47870397922326,0.0798616768103837,-0.11831311530256,0.0528939524903229,1.3603908639207,0.0872117172661548
"23","kelp greenling",TRUE,"o2",-1.83147992070854,0.091241217467278,-0.883880711809847,0.0446039062799103,0.947599208898691,0.0932544131687945
"24","california slickhead",TRUE,"o2",0.904427000284987,0.0115183745291567,1.99614192172859,0.0415602916992977,1.0917149214436,0.0394311720029864
"25","twoline eelpout",TRUE,"o2",0.606114738204972,0.0263025538197885,2.00873208784302,0.0592583941944207,1.40261734963805,0.0729266663395036
"26","brown cat shark",TRUE,"o2",-0.224293690992873,0.0389751056432431,1.86791534699525,0.0396087646054837,2.09220903798813,0.0545884267206341
"27","roughtail skate",TRUE,"o2",NA,NA,NA,NA,NA,NA
"28","deepsea sole",TRUE,"o2",0.651438630062698,0.0229215813999617,2.13460405628177,0.0734494070073905,1.48316542621907,0.0896370740628201
"29","pacific grenadier",TRUE,"o2",NA,NA,NA,NA,NA,NA
"30","giant grenadier",TRUE,"o2",0.927746255610455,0.0325676417123379,2.47286857471941,0.169994754416832,1.54512231910896,0.147589055768714
"31","lanternfish unident.",TRUE,"o2",-0.702393276327442,0.107544474977426,2.93882315722446,0.194306401136406,3.6412164335519,0.250196888889915
"32","snakehead eelpout",TRUE,"o2",NA,NA,NA,NA,NA,NA
"33","grooved tanner crab",TRUE,"o2",0.205800885783078,0.091401637922244,3.38521141789674,0.324041092570345,3.17941053211366,0.304677820561292
"34","pacific flatnose",TRUE,"o2",NA,NA,NA,NA,NA,NA
"35","longspine thornyhead",TRUE,"o2",0.4093926363649,0.0211248377607483,2.25118942894456,0.0504238434056291,1.84179679257966,0.0645911310705743
"36","shortspine thornyhead",TRUE,"o2",-0.131460147774099,0.0226162226637436,2.03610055235276,0.0368408310946334,2.16756070012685,0.0383878142423201
"37","bigfin eelpout",TRUE,"o2",-0.615464299415227,0.0243324231020084,1.26564598319817,0.0441078999782759,1.88111028261339,0.0409304696831817
"38","black eelpout",TRUE,"o2",-0.30945602176087,0.0606453062182969,1.74995910871784,0.104460419936221,2.05941513047871,0.0945053707484891
"39","darkblotched rockfish",TRUE,"o2",-0.713631796664408,0.0296880967291097,0.519458969785445,0.0345747120701131,1.23309076644985,0.0414182876363675
"40","shortbelly rockfish",TRUE,"o2",-1.32898036177762,0.0491969850584273,0.0749240256415604,0.0473972149068046,1.40390438741918,0.056286958645642
"41","stripetail rockfish",TRUE,"o2",-1.11613448616129,0.0274476863077815,0.31825540218313,0.0434658654787387,1.43438988834442,0.0430419668350778
"42","pacific hake",TRUE,"o2",-1.18414223729187,0.0369073917896135,0.957407262123622,0.0408034207274116,2.14154949941549,0.0479705099066063
"43","aurora rockfish",TRUE,"o2",-0.201648747638453,0.0422901289954312,1.06772812348872,0.0364742366317818,1.26937687112717,0.0448712891770038
"44","splitnose rockfish",TRUE,"o2",-0.575641910371633,0.0176097642331773,0.586273286249458,0.0271975691888578,1.16191519662109,0.0217908061988292
"45","chilipepper",TRUE,"o2",-1.37791148535905,0.0522193145609096,0.224975471480549,0.0559374755509623,1.6028869568396,0.0692633867360972
"46","cowcod",TRUE,"o2",-1.12680077196604,0.0808771303446609,0.4187682879566,0.106181818682463,1.54556905992264,0.12686337538355
"47","filetail cat shark",TRUE,"o2",-0.334503498972711,0.0538827914977211,1.31653233352269,0.0455332582216168,1.6510358324954,0.056599041577094
"48","redbanded rockfish",TRUE,"o2",-0.599849499547614,0.0326210506250223,0.818198638949258,0.0756003341445923,1.41804813849687,0.0764433679177856
"49","blackgill rockfish",TRUE,"o2",-0.519265933820242,0.0645494779791179,0.861670375464245,0.0558292114598786,1.38093630928449,0.064405114133465
"50","pink seaperch",TRUE,"o2",-2.57501863268281,0.146517237761857,-0.610480797949552,0.0426832923935769,1.96453783473326,0.135878001331232
"51","california skate",TRUE,"o2",-3.87619407269803,0.516535719282171,-0.642307494727781,0.173178875432256,3.23388657797025,0.374575572301197
"52","curlfin sole",TRUE,"o2",-4.55422270430786,0.807969477805759,-0.879548379141684,0.299328478039918,3.67467432516617,0.525591455909872
"53","sand sole",TRUE,"o2",-3.50839781935164,2.24705630460626,-1.61655417764158,1.12840850194828,1.89184364171006,1.12537262804779
"54","sharpchin rockfish",TRUE,"o2",-0.862582093328158,0.0316003761051806,0.0827072530638073,0.0274035584601724,0.945289346391965,0.0339502964789355
"55","plainfin midshipman",TRUE,"o2",-2.00224350795813,0.0885780784950127,0.0426917770879302,0.0500946138936387,2.04493528504606,0.105484759895274
"56","brown rockfish",TRUE,"o2",-1.82200630577921,0.150548941855359,-1.244595208188,0.0623955025276169,0.577411097591214,0.115552582771605
"57","white croaker",TRUE,"o2",-2.66342338111425,0.326457111352821,-0.770297429251465,0.0934620312911613,1.89312595186279,0.26835330587974
"58","copper rockfish",TRUE,"o2",-1.6673764315854,0.123806381999359,-0.70439392751573,0.068000093496858,0.962982504069675,0.144721187229878
"59","halfbanded rockfish",TRUE,"o2",-1.80646351461479,0.0949657752921728,-0.169113225851086,0.052606014343665,1.6373502887637,0.096829910871532
"60","squarespot rockfish",TRUE,"o2",-1.4641082917778,0.0896272003060475,-0.460972160741355,0.0601272980128425,1.00313613103645,0.098452665683277
"61","vermilion and sunset rockfish",TRUE,"o2",-1.80810295636652,0.249342250063533,0.0291055901870353,0.160182083640439,1.83720854655355,0.33222576329294
"62","speckled rockfish",TRUE,"o2",-1.60068037348078,0.148745116890987,-0.924397574057393,0.120157234928164,0.676282799423386,0.211679011999939
"63","flag rockfish",TRUE,"o2",-1.29401782659507,0.132689975713936,0.100189681884325,0.186643736476597,1.39420750847939,0.214078886693305
"64","honeycomb rockfish",TRUE,"o2",-1.15575897670676,0.0183856610477905,0.00327214459864093,0.0169001734530458,1.1590311213054,0.0225950654511253
"65","rougheye and blackspotted rockfish",TRUE,"o2",-0.508536467047017,0.0608795439226272,1.18204850010177,0.153192380853593,1.69058496714879,0.148144842691542
"66","pacific viperfish",TRUE,"o2",-0.132536282954478,0.131136363921391,2.82779218673928,0.240768197085991,2.96032846969376,0.327022702199257
"67","quillback rockfish",TRUE,"o2",-2.55408428244895,1.0169982429374,-0.424158873743112,0.350010920759711,2.12992540870584,0.814298789464865
"68","blue rockfish",TRUE,"o2",NA,NA,NA,NA,NA,NA
"69","shortraker rockfish",TRUE,"o2",-1.15575897670676,0.0183856610477905,0.00327214459864093,0.0169001734530458,1.1590311213054,0.0225950654511253
"70","black rockfish",TRUE,"o2",NA,NA,NA,NA,NA,NA
"71","cabezon",TRUE,"o2",-1.45738042571007,3358.81257255162,1.29382315583234,4094.26471101639,2.75120358154241,6782.1407883087
"72","kelp rockfish",TRUE,"o2",-1.15575897670676,0.0183856610477905,0.00327214459864093,0.0169001734530458,1.1590311213054,0.0225950654511253
"73","butterfish unident.",TRUE,"o2",NA,NA,NA,NA,NA,NA
"74","rock sole unident.",TRUE,"o2",-1.15603035552391,2088.3185260225,0.794474042939619,2003.78463125991,1.95050439846353,3739.15235283146
"75","olive rockfish",TRUE,"o2",-1.45411840073517,18769.9787999676,1.8791525967524,6478.21542559023,3.33327099748757,22684.7434996335
"76","tree rockfish",TRUE,"o2",-1.15575897670676,0.0183856610477905,0.00327214459864093,0.0169001734530458,1.1590311213054,0.0225950654511253
"77","greenstriped rockfish",FALSE,"o2",-0.133783065120635,0.0295389594272174,1.88647748139846,0.0686298903980624,2.0202605465191,0.075228984472809
"78","pacific spiny dogfish",FALSE,"o2",-0.358472714694996,0.0358183274730698,2.08127319207678,0.0815050519337338,2.43974590677178,0.0902975913154382
"79","petrale sole",FALSE,"o2",-0.623841131231306,0.036271737062626,2.39683343467141,0.0762025894377936,3.02067456590271,0.0950257097168587
"80","flathead sole",FALSE,"o2",-1.14893291633021,0.227144490748341,1.90195819588661,0.204824142865093,3.05089111221682,0.393927259944347
"81","english sole",FALSE,"o2",-0.682145081546803,0.0471864938801523,2.87264755499505,0.129566038135657,3.55479263654185,0.149324643542095
"82","sablefish",FALSE,"o2",-2.93325942192645,0.125813336037149,1.83421147567113,0.0839793361699456,4.76747089759758,0.184573676171966
"83","slender sole",FALSE,"o2",-1.9865246093494,0.0809268474725807,2.17762210682939,0.0899588906576303,4.16414671617879,0.141280185485402
"84","dover sole",FALSE,"o2",-3.40951144880716,0.127186159115187,1.70642071550329,0.0607355430099259,5.11593216431045,0.162043322623709
"85","blackbelly eelpout",FALSE,"o2",-1.22327164713223,0.099204608396861,1.92618419210372,0.094147738334863,3.14945583923594,0.150682584891608
"86","dungeness crab",FALSE,"o2",-1.54942599208308,0.14083146070683,3.43619817311683,0.264941033631596,4.98562416519991,0.371243977748941
"87","spotted ratfish",FALSE,"o2",-0.840543286955129,0.0399549221152155,2.58205868543075,0.0953119789237531,3.42260197238588,0.110812315124438
"88","big skate",FALSE,"o2",-0.312930534131174,0.0681740232800511,2.95300447377411,0.209382444429597,3.26593500790529,0.232268321707811
"89","pacific sanddab",FALSE,"o2",-0.426278139086846,0.0430957842213096,2.92344612434514,0.13605751226844,3.34972426343198,0.147663322320807
"90","rex sole",FALSE,"o2",-1.17470232891153,0.0333890121977948,1.8393278562135,0.036660461961693,3.01403018512503,0.0555961485324832
"91","arrowtooth flounder",FALSE,"o2",-0.947724651521457,0.0395400678505469,1.80917549706133,0.052213363726622,2.75690014858279,0.0733559805130759
"92","longnose skate",FALSE,"o2",-2.09939960910621,0.0675704799708864,2.03295419300291,0.0651021517873782,4.13235380210912,0.111531495558984
"93","sandpaper skate",FALSE,"o2",-1.07622580078857,0.0340827318315682,1.51895647781509,0.0412003539604284,2.59518227860365,0.0581971503215521
"94","lingcod",FALSE,"o2",-0.287231379585509,0.031781101236491,2.22617607811061,0.0812395939499924,2.51340745769612,0.0903159541649674
"95","greenspotted rockfish",FALSE,"o2",0.079765187485857,0.0709799473405453,2.03395267583644,0.177508717613392,1.95418748835059,0.18942151333698
"96","canary rockfish",FALSE,"o2",-0.309295146653404,0.100794790196925,2.63571040407389,0.365560252252266,2.94500555072729,0.353458754100658
"97","widow rockfish",FALSE,"o2",-0.158681918407339,0.0739124885220177,1.69643168348184,0.151681531298962,1.85511360188918,0.174454961144441
"98","yellowtail rockfish",FALSE,"o2",-0.111359557861768,0.0872765270069029,2.33523677396084,0.294392661289298,2.44659633182261,0.264315602723689
"99","kelp greenling",FALSE,"o2",-0.684958604962915,7.67734111693605,11.2417774220068,29.6203710788013,11.9267360269697,22.1397713381148
"100","california slickhead",FALSE,"o2",-2.46025300538859,0.0991905893522249,-0.0315538446077619,0.0452060950656563,2.42869916078083,0.124254687935062
"101","twoline eelpout",FALSE,"o2",-2.00677923920582,0.0477282228293874,-0.0816305115116475,0.027967483214921,1.92514872769417,0.0598204330667313
"102","brown cat shark",FALSE,"o2",-3.08014230212999,0.101572820476169,0.562345761502751,0.0402105028195018,3.64248806363274,0.110662175862599
"103","roughtail skate",FALSE,"o2",-2.06811687509307,0.0680050930743507,0.28275067716889,0.0503047298561268,2.35086755226196,0.0963318607288099
"104","deepsea sole",FALSE,"o2",-2.7604012236449,0.111280109665356,-0.0284675645376439,0.0410649562405593,2.73193365910725,0.134124058491945
"105","pacific grenadier",FALSE,"o2",-1.7627645689644,0.0358067247682192,0.145851630337825,0.0437537293805219,1.90861619930222,0.0619612952188105
"106","giant grenadier",FALSE,"o2",-1.99939328903294,0.05122726025423,0.0723416706993772,0.0517067277451461,2.07173495973232,0.0883434002541006
"107","lanternfish unident.",FALSE,"o2",-3.88977503520666,0.186459710064464,0.67672068789732,0.0687556046588664,4.56649572310398,0.201438581142705
"108","snakehead eelpout",FALSE,"o2",-3.11630344682845,0.183550238827979,-0.267762571394453,0.04770880147371,2.84854087543399,0.179124565404451
"109","grooved tanner crab",FALSE,"o2",-3.08403987555169,0.134663760820753,-0.100119963348965,0.0382804709353992,2.98391991220273,0.121316112986738
"110","pacific flatnose",FALSE,"o2",-1.33255968411681,0.036375025405672,0.440880101815718,0.0632828338809428,1.77343978593253,0.0716515413752426
"111","longspine thornyhead",FALSE,"o2",-3.01165887280398,0.066994293938278,-0.214403507787015,0.019640467419059,2.79725536501696,0.0675953785318987
"112","shortspine thornyhead",FALSE,"o2",-3.24339930145196,0.134255367913246,1.13574372808145,0.0602577233731296,4.37914302953341,0.16532519210706
"113","bigfin eelpout",FALSE,"o2",-1.08350648247057,0.0308841046233032,1.1483950854431,0.0335696841944131,2.23190156791368,0.0491672502726398
"114","black eelpout",FALSE,"o2",-1.6739061637233,0.0531408512725808,0.552951308642851,0.0333167328984706,2.22685747236615,0.0615157805125818
"115","darkblotched rockfish",FALSE,"o2",-0.342238405874064,0.034194724009409,1.27332169407004,0.043732130891608,1.6155600999441,0.0562698560244623
"116","shortbelly rockfish",FALSE,"o2",-0.426011551657553,0.100248849983965,2.62727773475798,0.255021571166006,3.05328928641553,0.226773092616055
"117","stripetail rockfish",FALSE,"o2",-0.0487218221929844,0.0215974308155857,1.48294214507535,0.0315003035271333,1.53166396726833,0.0350605775245797
"118","pacific hake",FALSE,"o2",-1.94358103085166,0.0655325273317547,1.67337034867593,0.0748277999374796,3.61695137952759,0.103844270433874
"119","aurora rockfish",FALSE,"o2",-1.59502163903805,0.0412333150468439,0.443446239329121,0.0378498533360436,2.03846787836717,0.0578821631208904
"120","splitnose rockfish",FALSE,"o2",-0.916502221875648,0.0347996082043942,1.21464858435389,0.054056678608028,2.13115080622954,0.0584063433588586
"121","chilipepper",FALSE,"o2",0.0335395389845992,0.0286022601757414,1.67875571906874,0.0508327983236447,1.64521618008415,0.0571390502370452
"122","cowcod",FALSE,"o2",-0.349064112748732,0.0871709891169188,1.32700012382261,0.0797384660693128,1.67606423657134,0.129388940291917
"123","filetail cat shark",FALSE,"o2",-3.00832132777788,0.120284871299965,0.486712684703053,0.068009753233653,3.49503401248093,0.13577998011172
"124","redbanded rockfish",FALSE,"o2",-0.344643444484495,0.0432565518912624,1.16614440506031,0.0492372658186153,1.51078784954481,0.069455585557256
"125","blackgill rockfish",FALSE,"o2",-1.32411900435871,0.0615424944297385,0.661804232919499,0.05623284978903,1.98592323727821,0.0858246320706102
"126","pink seaperch",FALSE,"o2",0.480148949318371,0.107111356310269,3.42748091639123,0.370510003482245,2.94733196707286,0.283876774990153
"127","california skate",FALSE,"o2",-0.538629307077294,0.13596180141531,4.41855464415727,0.683080723803371,4.95718395123457,0.674409882941685
"128","curlfin sole",FALSE,"o2",-0.0998391912125871,0.489126565134712,6.61235312950228,1.95661540234966,6.71219232071486,1.51126898704169
"129","sand sole",FALSE,"o2",NA,NA,NA,NA,NA,NA
"130","sharpchin rockfish",FALSE,"o2",-0.0353272098552168,0.0488419503146034,1.48368593373193,0.0974191951898439,1.51901314358715,0.0994197284412827
"131","plainfin midshipman",FALSE,"o2",-0.210589616390534,0.0492226313257943,2.59708509529497,0.150506083563409,2.8076747116855,0.155850680154126
"132","brown rockfish",FALSE,"o2",-0.00992212873125249,0.210650397419516,1.6563938167172,0.201445303221254,1.66631594544846,0.363137432614239
"133","white croaker",FALSE,"o2",-0.527843656537789,0.175021199653539,2.20194373564189,0.225630395730225,2.72978739217968,0.347450223330346
"134","copper rockfish",FALSE,"o2",0.763536316868442,0.627781457730493,3.53137797872257,1.68364904680609,2.76784166185413,1.10142068186672
"135","halfbanded rockfish",FALSE,"o2",0.218756298456075,0.053747548067937,2.25665055252982,0.15841602146641,2.03789425407374,0.147985643301126
"136","squarespot rockfish",FALSE,"o2",NA,NA,NA,NA,NA,NA
"137","vermilion and sunset rockfish",FALSE,"o2",0.175641317316167,0.102571653378192,2.11661361734016,0.301008174335096,1.94097230002399,0.311460185187904
"138","speckled rockfish",FALSE,"o2",0.599999187241338,0.318840986344802,2.3166712868356,1.16480608440624,1.71667209959427,0.952563243766625
"139","flag rockfish",FALSE,"o2",0.107615009571758,0.13534422844156,2.07493413852576,0.421196741138767,1.967319128954,0.452123058096591
"140","honeycomb rockfish",FALSE,"o2",-1.15575897670676,0.0183856610477905,0.00327214459864093,0.0169001734530458,1.1590311213054,0.0225950654511253
"141","rougheye and blackspotted rockfish",FALSE,"o2",-1.09104980690132,0.105745983785324,1.20874536119355,0.125654185056522,2.29979516809487,0.180835999543117
"142","pacific viperfish",FALSE,"o2",-3.91628247818007,0.371735990242311,0.335826187704113,0.0948361158112272,4.25210866588418,0.358244590990077
"143","quillback rockfish",FALSE,"o2",-1.26071343560597,0.452351940263665,2.15903980898543,0.767380269284912,3.4197532445914,1.02363610032863
"144","blue rockfish",FALSE,"o2",0.723452121261768,NA,1.85002256730738,NA,1.12657044604561,NA
"145","shortraker rockfish",FALSE,"o2",-0.412632334953606,0.0950151023156029,0.168784723418035,0.133078889652274,0.581417058371641,0.180918823026165
"146","black rockfish",FALSE,"o2",NA,NA,NA,NA,NA,NA
"147","cabezon",FALSE,"o2",-0.923292700376562,2304.65271339028,0.995338079257202,1856.21623404734,1.91863077963376,3622.80856463367
"148","kelp rockfish",FALSE,"o2",-1.15575897670676,0.0183856610477905,0.00327214459864093,0.0169001734530458,1.1590311213054,0.0225950654511253
"149","butterfish unident.",FALSE,"o2",2.25425162006666,NA,4.63821266555152,NA,2.38396104548486,NA
"150","rock sole unident.",FALSE,"o2",-0.856745718294799,2389.82165242662,0.908971459290773,1781.24702926176,1.76571717758557,3590.80210516269
"151","olive rockfish",FALSE,"o2",-0.987196617344193,3067.78270110121,1.63317758443386,3447.08710043836,2.62037420177805,5823.83874661302
"152","tree rockfish",FALSE,"o2",-1.15575897670676,0.0183856610477905,0.00327214459864093,0.0169001734530458,1.1590311213054,0.0225950654511253
"153","greenstriped rockfish",TRUE,"temp",-1.19439549190234,0.0190272219480783,-0.0221189775796943,0.0155962064948675,1.17227651432264,0.0205427843985551
"154","pacific spiny dogfish",TRUE,"temp",-2.06611476056095,0.146970694527799,1.07872592896963,0.159736442341797,3.14484068953057,0.255078819193715
"155","petrale sole",TRUE,"temp",-2.03392321592972,0.0561703278466332,0.314932850794525,0.0316298957512395,2.34885606672424,0.0651452325766734
"156","flathead sole",TRUE,"temp",-1.04570427539764,0.0339845298884466,0.125070352160316,0.0340176020875084,1.17077462755795,0.0480760446520355
"157","english sole",TRUE,"temp",-2.06487008770224,0.0586404229007709,0.168882966584915,0.0299227557244984,2.23375305428716,0.0671041972495013
"158","sablefish",TRUE,"temp",-1.06582768716083,0.0512015235338509,2.01702615147953,0.134012924744272,3.08285383864036,0.124453426086889
"159","slender sole",TRUE,"temp",-1.15721807567191,0.0255562907955064,0.676852236592437,0.0257239835696315,1.83407031226435,0.0337619967152698
"160","dover sole",TRUE,"temp",-0.991827313367542,0.0379437052169766,2.21671274104851,0.112598684468808,3.20854005441605,0.101319449881892
"161","blackbelly eelpout",TRUE,"temp",-1.48406254961428,0.0498730819904464,0.499445399389553,0.048613712066509,1.98350794900383,0.0658428957998122
"162","dungeness crab",TRUE,"temp",-3.31668750886743,0.306055300318185,0.411675008001958,0.0952873879808532,3.72836251686939,0.282587428996645
"163","spotted ratfish",TRUE,"temp",-2.03511964296146,0.069024499319904,0.738615239023991,0.056689026594598,2.77373488198545,0.0988438722236667
"164","big skate",TRUE,"temp",-2.53470567280931,0.153651088888677,0.00609765951206746,0.0672487055195909,2.54080333232138,0.147567995711567
"165","pacific sanddab",TRUE,"temp",-2.0185963143249,0.0446819176488888,-0.257662482348084,0.0208820905928837,1.76093383197681,0.0446523618049482
"166","rex sole",TRUE,"temp",-1.14086391378688,0.0298936673290134,1.33274005422284,0.0590954406944869,2.47360396800972,0.0632343185433991
"167","arrowtooth flounder",TRUE,"temp",-0.891474090394929,0.0225577064516673,0.897260969019762,0.0360622158292528,1.78873505941469,0.0361542033065505
"168","longnose skate",TRUE,"temp",-1.3240025191189,0.0448801739387774,1.75888117735514,0.104744017728169,3.08288369647405,0.112381156035299
"169","sandpaper skate",TRUE,"temp",-0.987561437739041,0.0318760339251322,1.25474902127821,0.064763941697197,2.24231045901725,0.0660318378187017
"170","lingcod",TRUE,"temp",-1.69251162863851,0.0450913619776025,0.252855900691699,0.0327009685554195,1.94536752933021,0.0521306175967165
"171","greenspotted rockfish",TRUE,"temp",-1.34236705616625,0.0559073075455513,-0.0621473228932954,0.0458048877896075,1.28021973327295,0.0674531018803528
"172","canary rockfish",TRUE,"temp",-1.57612944703299,0.0665123569748032,-0.166887825485355,0.0429653990911646,1.40924162154764,0.0715175791987671
"173","widow rockfish",TRUE,"temp",-1.15945506512345,0.0627388215222291,0.313617296195256,0.0654494147846457,1.47307236131871,0.0853158484978479
"174","yellowtail rockfish",TRUE,"temp",-1.51169354333132,0.07137268913548,-0.185688344783201,0.0425559349424715,1.32600519854811,0.0712242447393491
"175","kelp greenling",TRUE,"temp",-1.85008152503264,0.0996313771461784,-0.846895459727884,0.0504704145790488,1.00318606530476,0.111190395910655
"176","california slickhead",TRUE,"temp",0.876322491296282,0.0333486796980308,2.09024148121496,0.0636433804976579,1.21391898991868,0.0606614382969868
"177","twoline eelpout",TRUE,"temp",0.0236373844570001,0.146975356230031,2.33762243950281,0.29013441640714,2.31398505504581,0.288054429252083
"178","brown cat shark",TRUE,"temp",-0.128177823704176,0.0514034329263774,2.06624714036901,0.116831755956683,2.19442496407318,0.0913363051870699
"179","roughtail skate",TRUE,"temp",NA,NA,NA,NA,NA,NA
"180","deepsea sole",TRUE,"temp",0.456664693259555,0.0892415071829198,2.61262391011921,0.230376929840466,2.15595921685965,0.223695667168283
"181","pacific grenadier",TRUE,"temp",7.03742710475734,10.4753605644735,12.8363975108788,14.5124626533994,5.79897040612149,4.04794559637996
"182","giant grenadier",TRUE,"temp",NA,NA,NA,NA,NA,NA
"183","lanternfish unident.",TRUE,"temp",-0.656553118911612,0.114865199198659,2.68743168494743,0.382286000969221,3.34398480385904,0.332904521432189
"184","snakehead eelpout",TRUE,"temp",-0.051080424687022,0.217081516382849,2.66812546526709,0.404705089172827,2.71920588995411,0.460556006402119
"185","grooved tanner crab",TRUE,"temp",0.164834971444535,0.120512305751542,2.56025754231122,0.266487486779511,2.39542257086668,0.186319094825208
"186","pacific flatnose",TRUE,"temp",NA,NA,NA,NA,NA,NA
"187","longspine thornyhead",TRUE,"temp",0.479733502027277,0.0291099553921411,2.11058873484905,0.0541272007716635,1.63085523282178,0.0457386498107236
"188","shortspine thornyhead",TRUE,"temp",-0.32786940936909,0.0365435322057436,1.89447396650202,0.0785714939328348,2.22234337587111,0.0613520332190753
"189","bigfin eelpout",TRUE,"temp",-0.594169864079958,0.0259438835684411,1.18825196294232,0.0490617893021522,1.78242182702228,0.0407908409384599
"190","black eelpout",TRUE,"temp",-0.118958297183749,0.0553049822101776,1.64553310283569,0.11258185173284,1.76449140001943,0.0788753400257144
"191","darkblotched rockfish",TRUE,"temp",-0.676787083140947,0.0275113616017941,0.496017693432021,0.0302778451724133,1.17280477657297,0.0314668751021064
"192","shortbelly rockfish",TRUE,"temp",-1.3777916441341,0.0590847207843603,0.173195081934673,0.0577897206211485,1.55098672606877,0.0746119347089449
"193","stripetail rockfish",TRUE,"temp",-1.10395207740004,0.0205781650348532,0.185369460247393,0.0269425024685861,1.28932153764744,0.0266847646555697
"194","pacific hake",TRUE,"temp",-1.32619001744367,0.0481436856911643,1.18017632271534,0.0878070296963253,2.50636634015901,0.100188605537708
"195","aurora rockfish",TRUE,"temp",-0.280947883923568,0.0450503382791325,1.2654646633352,0.0776595042265577,1.54641254725877,0.0724813245695101
"196","splitnose rockfish",TRUE,"temp",-0.612593142161678,0.0161925626397088,0.498786849440903,0.0249079328692086,1.11137999160258,0.0203865628564322
"197","chilipepper",TRUE,"temp",-1.36987474506254,0.0465495186567332,0.0944291069237344,0.0373350168641109,1.46430385198628,0.0487931362233727
"198","cowcod",TRUE,"temp",-1.08695421131464,0.0788797687885433,0.473011018507524,0.127143452117618,1.55996522982216,0.13650513494813
"199","filetail cat shark",TRUE,"temp",-0.162703946198561,0.0557922512574066,1.26747135409891,0.0896244038288808,1.43017530029748,0.0940505286705442
"200","redbanded rockfish",TRUE,"temp",-0.685062505087456,0.0286683117837188,0.608252865694574,0.0421695692405635,1.29331537078203,0.0478409077200926
"201","blackgill rockfish",TRUE,"temp",-0.495929271712074,0.0518241250120811,0.842271933466091,0.0757582477743806,1.33820120517816,0.0708911633879711
"202","pink seaperch",TRUE,"temp",-2.45590240023767,0.109581582795441,-0.565684507822036,0.0365013230060111,1.89021789241564,0.106896156167296
"203","california skate",TRUE,"temp",-3.95244892229691,0.49886955083509,-0.585258749322528,0.158153610545978,3.36719017297439,0.366873205999201
"204","curlfin sole",TRUE,"temp",-4.95386811036964,1.09909726560074,-0.935052150550084,0.405170097626289,4.01881595981956,0.711358639551536
"205","sand sole",TRUE,"temp",-4.6508677279367,5.06935638083429,-2.22741064023922,2.97489344002678,2.42345708769748,2.09980710959206
"206","sharpchin rockfish",TRUE,"temp",-0.844851739323817,0.0330795660237389,0.120085128061783,0.0287687194351028,0.9649368673856,0.0364643171573205
"207","plainfin midshipman",TRUE,"temp",-1.95136110261548,0.074351783376396,0.075488467127002,0.0465575616918341,2.02684956974249,0.0904637198497472
"208","brown rockfish",TRUE,"temp",-1.70178316971101,NA,-1.17413469687723,NA,0.527648472833781,NA
"209","white croaker",TRUE,"temp",-2.31297015105209,0.195721050826247,-0.670500429048295,0.0644523121886083,1.64246972200379,0.17772868798709
"210","copper rockfish",TRUE,"temp",-5.58920437977252,5.24019540066199,-1.79602966470087,2.70492150410153,3.79317471507165,2.57899705989839
"211","halfbanded rockfish",TRUE,"temp",-1.79119756270211,0.0726989832857864,-0.238038794448008,0.0447167814135914,1.5531587682541,0.0740649207447742
"212","squarespot rockfish",TRUE,"temp",-1.52658637947846,0.105079929102521,-0.38023772151151,0.0780196324269354,1.14634865796695,0.136000150427681
"213","vermilion and sunset rockfish",TRUE,"temp",-1.9030141670125,0.221551624926738,-0.0733189153285804,0.120655331274578,1.82969525168392,0.245418830663331
"214","speckled rockfish",TRUE,"temp",-1.50369359142942,0.101496339527695,-0.886451709578036,0.103714211455776,0.617241881851383,0.152256540132667
"215","flag rockfish",TRUE,"temp",-1.30039754741607,0.130951663151551,0.205859436914658,0.202671364820969,1.50625698433072,0.2272891745092
"216","honeycomb rockfish",TRUE,"temp",-1.15575897670676,0.0183856610477905,0.00327214459864093,0.0169001734530458,1.1590311213054,0.0225950654511253
"217","rougheye and blackspotted rockfish",TRUE,"temp",-0.533218108024914,0.0509870714124711,0.978817421079326,0.112646141390216,1.51203552910424,0.102030897340059
"218","pacific viperfish",TRUE,"temp",-0.497860933160678,0.124044430735153,1.44621498651873,0.131973434923696,1.94407591967941,0.153426023051
"219","quillback rockfish",TRUE,"temp",-1.83989379234886,0.369380579266442,-0.568681779374026,0.191977159817392,1.27121201297484,0.342528285088486
"220","blue rockfish",TRUE,"temp",-0.819259128055762,NA,1.71842213007098,NA,2.53768125812675,NA
"221","shortraker rockfish",TRUE,"temp",-1.15575897670676,0.0183856610477905,0.00327214459864093,0.0169001734530458,1.1590311213054,0.0225950654511253
"222","black rockfish",TRUE,"temp",NA,NA,NA,NA,NA,NA
"223","cabezon",TRUE,"temp",-0.75357258597467,1106.66345184316,0.96224709677382,1232.18393231134,1.71581968274849,1979.04627511192
"224","kelp rockfish",TRUE,"temp",-1.15575897670676,0.0183856610477905,0.00327214459864093,0.0169001734530458,1.1590311213054,0.0225950654511253
"225","butterfish unident.",TRUE,"temp",-1.15575897670676,0.0183856610477905,0.00327214459864093,0.0169001734530458,1.1590311213054,0.0225950654511253
"226","rock sole unident.",TRUE,"temp",-0.852985853153305,1631.14031602,0.89330890389765,2550.59569728105,1.74629475705096,3555.66092391929
"227","olive rockfish",TRUE,"temp",-2.25603711265429,12325.4239072092,0.173188385046561,4795.77788724291,2.42922549770085,10740.366547271
"228","tree rockfish",TRUE,"temp",-1.15575897670676,0.0183856610477905,0.00327214459864093,0.0169001734530458,1.1590311213054,0.0225950654511253
"229","greenstriped rockfish",FALSE,"temp",0.127010559876133,0.0546484660593806,2.96193786145394,0.0867645106844482,2.8349273015778,0.0766936494889086
"230","pacific spiny dogfish",FALSE,"temp",-0.226925240056514,0.0526924852219828,2.86684089497438,0.112683630923992,3.09376613503089,0.107053909479779
"231","petrale sole",FALSE,"temp",-0.301715857078496,0.0357075341073655,2.87381312738103,0.0610078824457234,3.17552898445953,0.0727425977414312
"232","flathead sole",FALSE,"temp",-0.872053833885145,0.153639466520185,2.08369572570923,0.334578274493333,2.95574955959437,0.427368525350443
"233","english sole",FALSE,"temp",-0.0965333253442164,0.0454930300989567,3.57406470196674,0.092015295623255,3.67059802731095,0.0958152271516401
"234","sablefish",FALSE,"temp",-3.94530054086198,0.304103444858232,2.07767702553455,0.126649266058254,6.02297756639653,0.364648660517165
"235","slender sole",FALSE,"temp",-0.757972393902369,0.0391943589546534,2.26758169288027,0.0370879804157403,3.02555408678264,0.0489984004146874
"236","dover sole",FALSE,"temp",-1.9925062037408,0.0495519391484025,1.61541932326059,0.0335267344698359,3.60792552700138,0.0626690019257005
"237","blackbelly eelpout",FALSE,"temp",-1.05959652946884,0.150486700874562,3.11464850254775,0.13438100775235,4.17424503201659,0.207624217598442
"238","dungeness crab",FALSE,"temp",-0.710534201495414,0.113707575134679,4.96223354403772,0.336767796867845,5.67276774553313,0.363846990759555
"239","spotted ratfish",FALSE,"temp",-0.389740619826932,0.0398456140589162,2.9696176549324,0.0740634127520824,3.35935827475933,0.0810790323304597
"240","big skate",FALSE,"temp",-0.564141991003682,0.135700411993636,4.19041467019423,0.34105657231479,4.75455666119791,0.393059106393373
"241","pacific sanddab",FALSE,"temp",0.0810014891992015,0.0542730725071708,3.87280056253578,0.135928123657558,3.79179907333658,0.13929398162442
"242","rex sole",FALSE,"temp",-1.0910499491545,0.0462058270386113,2.3426648041467,0.0479652377287423,3.4337147533012,0.0714620392370336
"243","arrowtooth flounder",FALSE,"temp",-0.906737815577507,0.0570687162151952,2.35630439952986,0.0807513392257902,3.26304221510737,0.10254067097866
"244","longnose skate",FALSE,"temp",-1.28393423679623,0.0416725152185848,2.15079204686791,0.0441500259630055,3.43472628366414,0.0662770733206367
"245","sandpaper skate",FALSE,"temp",-1.05555671871377,0.0408720202264673,1.57498720984736,0.0409365562999557,2.63054392856113,0.05826657550874
"246","lingcod",FALSE,"temp",0.0512065556020688,0.0548323613959816,3.4156851161107,0.127128330812693,3.36447856050863,0.116349405354509
"247","greenspotted rockfish",FALSE,"temp",0.428683736721182,0.121622449031223,3.61090385378802,0.267955760278871,3.18222011706684,0.240270446030769
"248","canary rockfish",FALSE,"temp",-0.0876125969982552,0.0774714227862265,2.24057301369974,0.128811003977528,2.328185610698,0.125230896186153
"249","widow rockfish",FALSE,"temp",-0.430020915225054,0.13359991822771,2.43212726037756,0.228506527694521,2.86214817560262,0.246834064800208
"250","yellowtail rockfish",FALSE,"temp",-0.11461265820219,0.128971550418161,2.62679138012578,0.272989987156497,2.74140403832797,0.235313399923541
"251","kelp greenling",FALSE,"temp",-0.523652810627354,0.46057591321204,4.65295656614579,1.64949430275901,5.17660937677315,1.60432919333525
"252","california slickhead",FALSE,"temp",-2.60154434443705,0.0674731594716981,-0.71063106543972,0.0221114880414505,1.89091327899733,0.0583556713989655
"253","twoline eelpout",FALSE,"temp",-2.33306777814926,0.0633002484461055,-0.540077729307768,0.0244944500894176,1.79299004884149,0.0657852999336958
"254","brown cat shark",FALSE,"temp",-2.08852453745499,0.0552332843522952,0.677725869890032,0.0314465551912611,2.76625040734502,0.0593404942719577
"255","roughtail skate",FALSE,"temp",-6.3040550389053,1.2807137135104,-1.48349633972168,0.563598412737735,4.82055869918362,0.727502825946976
"256","deepsea sole",FALSE,"temp",-2.58174348674243,0.0641104357967102,-0.508050732056695,0.0237972221341753,2.07369275468574,0.0700355382977145
"257","pacific grenadier",FALSE,"temp",NA,NA,NA,NA,NA,NA
"258","giant grenadier",FALSE,"temp",-3.75625474430678,0.3057616065109,-1.25791927418839,0.104338999426206,2.4983354701184,0.208581032536574
"259","lanternfish unident.",FALSE,"temp",-3.04513415113548,0.188645439521258,0.715215603270793,0.067266893138419,3.76034975440627,0.202458629186735
"260","snakehead eelpout",FALSE,"temp",-2.76855511882113,0.107516326162483,-0.560458051476744,0.0384494549383671,2.20809706734439,0.10033724131036
"261","grooved tanner crab",FALSE,"temp",-3.23531305949942,0.165068123829566,-0.164771782248276,0.0583068538875539,3.07054127725114,0.131282579164354
"262","pacific flatnose",FALSE,"temp",NA,NA,NA,NA,NA,NA
"263","longspine thornyhead",FALSE,"temp",-2.68662293673287,0.0604737647656506,-0.0484092862127381,0.0244632263930474,2.63821365052013,0.05987621743649
"264","shortspine thornyhead",FALSE,"temp",-2.31823080730264,0.0693363961560316,0.839122239906328,0.0375897991289639,3.15735304720896,0.0814231856570155
"265","bigfin eelpout",FALSE,"temp",-1.02141117854,0.038087514554618,1.28372677027864,0.040695461570644,2.30513794881863,0.0568820987915855
"266","black eelpout",FALSE,"temp",-2.00061521797766,0.114462781971523,0.653980077812461,0.0596204806982345,2.65459529579012,0.105250794555988
"267","darkblotched rockfish",FALSE,"temp",-0.538694849786902,0.0538438540208247,1.52057903539506,0.0753872863555994,2.05927388518196,0.0836855525576137
"268","shortbelly rockfish",FALSE,"temp",0.321872222490405,0.0762374410184626,2.80379195258328,0.0860076297574046,2.48191973009287,0.0952161454402037
"269","stripetail rockfish",FALSE,"temp",0.150996883503582,0.0552734620416346,2.77671927563883,0.0681530999398842,2.62572239213525,0.0650997974306659
"270","pacific hake",FALSE,"temp",-0.924514802058359,0.0343953733730861,1.71148831110003,0.0352159313828943,2.63600311315839,0.0487822886494756
"271","aurora rockfish",FALSE,"temp",-0.926339551472184,0.0253083701100052,0.489859322296623,0.0217572268384391,1.41619887376881,0.0323621731607787
"272","splitnose rockfish",FALSE,"temp",-0.33930517198533,0.0321448246143326,1.37772083031853,0.0333653477463357,1.71702600230386,0.035641146899098
"273","chilipepper",FALSE,"temp",0.357700672116149,0.0542556337556717,2.72890304602046,0.0790065114524824,2.37120237390431,0.0765920213323786
"274","cowcod",FALSE,"temp",0.101656521893057,0.102135847513607,2.22123031276035,0.143752464597233,2.11957379086729,0.180627993069404
"275","filetail cat shark",FALSE,"temp",-1.23364830716294,0.0546741680389815,1.14195427789422,0.0358393475768942,2.37560258505716,0.0584516029111487
"276","redbanded rockfish",FALSE,"temp",-0.682208599489322,0.0562557282696139,1.14541412543953,0.0705480681870342,1.82762272492885,0.0890430276101747
"277","blackgill rockfish",FALSE,"temp",-0.551313452469224,0.0482846818683198,1.14183666943293,0.0455416121743682,1.69315012190215,0.0609027516182941
"278","pink seaperch",FALSE,"temp",0.664812055507176,0.0469887788581072,3.42132529155699,0.136033811881611,2.75651323604982,0.125410581067504
"279","california skate",FALSE,"temp",-0.195210510490263,0.157833034098667,5.18670224734163,0.514367691129277,5.38191275783189,0.570777382659377
"280","curlfin sole",FALSE,"temp",0.308254248225258,0.104947410731326,5.01645022372438,0.427412464124711,4.70819597549912,0.401395581888259
"281","sand sole",FALSE,"temp",-0.262899891135621,9.43693837100192,15.5796501187745,38.8769608850438,15.8425500099101,29.8074798449097
"282","sharpchin rockfish",FALSE,"temp",-0.165056845224476,0.05505115556889,1.41475052651943,0.0850399382937909,1.5798073717439,0.0751904214968199
"283","plainfin midshipman",FALSE,"temp",0.423791602530334,0.0547070425780512,3.50231546088519,0.107986012794433,3.07852385835486,0.11377568161159
"284","brown rockfish",FALSE,"temp",0.153186512048874,0.243118526587344,2.29905137240431,0.292054211454639,2.14586486035544,0.471706757291427
"285","white croaker",FALSE,"temp",-0.274616934356371,0.264882344519919,3.67458699332494,0.464721005838521,3.94920392768131,0.628509343283874
"286","copper rockfish",FALSE,"temp",0.68571132540122,0.284079657032732,3.84994077335644,0.834801284839868,3.16422944795522,0.634138872442121
"287","halfbanded rockfish",FALSE,"temp",0.928099752042451,0.0657772876288368,3.45174123399754,0.131862908247408,2.52364148195509,0.114766635639001
"288","squarespot rockfish",FALSE,"temp",1.31307697823522,0.196031020481154,3.98208461884819,0.462528325389896,2.66900764061297,0.345700769769995
"289","vermilion and sunset rockfish",FALSE,"temp",0.5614531661287,0.1189463261146,2.89290448952327,0.297239567865661,2.33145132339457,0.29398602211317
"290","speckled rockfish",FALSE,"temp",0.660600679646428,0.122798779419984,1.90746747912191,0.357470436199857,1.24686679947548,0.351427356616878
"291","flag rockfish",FALSE,"temp",0.723544561963241,0.18849267730563,3.34837699638684,0.431855412593756,2.6248324344236,0.433378635032664
"292","honeycomb rockfish",FALSE,"temp",1.13341051788283,NA,2.09566028423996,NA,0.962249766357132,NA
"293","rougheye and blackspotted rockfish",FALSE,"temp",-1.39467287114144,0.10994607619331,0.779909705973597,0.1087350277924,2.17458257711504,0.167065503918244
"294","pacific viperfish",FALSE,"temp",-3.05898856542425,0.209531304556516,-0.2047837687645,0.0679240917702868,2.85420479665975,0.208625167182431
"295","quillback rockfish",FALSE,"temp",-0.618562983759237,0.36369563643217,2.71438182990343,0.504121770638952,3.33294481366266,0.66858695905376
"296","blue rockfish",FALSE,"temp",2.423808039986,NA,4.27016623062659,NA,1.8463581906406,NA
"297","shortraker rockfish",FALSE,"temp",-0.693060771423944,0.0847174087862696,-0.205232472450915,0.116367312819599,0.487828298973029,0.15915280711589
"298","black rockfish",FALSE,"temp",NA,NA,NA,NA,NA,NA
"299","cabezon",FALSE,"temp",-0.759933797324046,1606.09665023947,0.86455250277802,1580.6111556922,1.62448630010207,2758.35583729451
"300","kelp rockfish",FALSE,"temp",-1.15575897670676,0.0183856610477905,0.00327214459864093,0.0169001734530458,1.1590311213054,0.0225950654511253
"301","butterfish unident.",FALSE,"temp",-1.15575897670676,0.0183856610477905,0.00327214459864093,0.0169001734530458,1.1590311213054,0.0225950654511253
"302","rock sole unident.",FALSE,"temp",-0.880277809477699,1633.64253256013,0.698366948236275,1361.16956544894,1.57864475771397,2620.34982362053
"303","olive rockfish",FALSE,"temp",-1.53691478472981,4295.39488568206,1.51610028512627,4086.83536775499,3.05301506985607,7333.54067818641
"304","tree rockfish",FALSE,"temp",-1.15575897670676,0.0183856610477905,0.00327214459864093,0.0169001734530458,1.1590311213054,0.0225950654511253
